text_a,text_b,score
丘比特,沙漠,0.07
上线,圣诞,0.4
赶鸭子上架,登楼,0.26
樱桃小丸子,大鱼海棠,0.84
洗碗,社火,0.25
打卡,向导,0.81
张信哲,做梦,0.63
千与千寻,喜羊羊,0.83
玄女,蹲下,0.05
动物,历史,0.81
天体,天体,0.99
释怀,湖畔,0.17
三明治,欣赏,0.58
黑洞,外星人,0.94
销假,集章,0.14
委屈,羞愧,0.9
社会,园艺,0.84
做笔记,听课,0.84
谭维维,孙燕姿,0.78
苏轼,秦始皇,0.78
狼美人,同舟共济,0.52
点头,掩耳盗铃,0.16
愧疚,惆怅,0.9
拿鸡毛,和尚打伞,0.82
悬梁刺股,纸上谈兵,0.85
行李,露台,0.76
粽子,螺蛳粉,0.94
铃芽之旅,龙珠,0.92
犬夜叉,美少女战士,0.91
滥竽充数,守口如瓶,0.93
抬头,水中捞月,0.54
草船借箭,负荆请罪,0.8
悬梁刺股,卧冰求鲤,0.77
小幸运,最美的期待,0.75
古镇,雨水,0.25
签证,集章,0.79
月食,彗星,0.89
转身,同舟共济,0.25
蜻蜓点水,俯冲,0.45
掩耳盗铃,以卵击石,0.87
香道,陶瓷,0.8
羡慕,愉快,0.9
合成,单机,0.82
破釜沉舟,触龙说赵,0.84
泥塑,相声,0.92
梁静茹,蔡依林,0.85
馒头,披萨,0.91
邯郸学步,程门立雪,0.86
午休,汇总,0.5
豆腐,写作,0.25
火锅,蛋挞,0.91
卧冰求鲤,负薪读书,0.94
哪吒,连击,0.44
远程,汇报,0.94
愤怒,失望,0.85
过图,打野,0.84
夜曲,小幸运,0.88
张信哲,薛之谦,0.85
加班,立项,0.85
天文,语文,0.83
岳飞,租房,0.56
应龙,集章,0.46
汤圆,糖葫芦,0.81
伸展,俯身,0.76
阎罗,雷公,0.83
感恩节,立冬,0.93
弓步,弹跳,0.89
天文,起床,0.19
郁闷,感动,0.93
泡澡,泡澡,0.99
老马识途,铁杵磨针,0.88
花海,死神,0.07
工程,洗漱,0.42
集章,徒步,0.87
医学,天体,0.84
担忧,疑惑,0.84
欣喜,释怀,0.89
安检,民宿,0.92
连麦,单机,0.79
熊,石像鬼,0.92
引力,天王星,0.86
后来我们,海阔天空,0.79
星系,火箭,0.75
摇头,宇宙,0.59
地质,语文,0.84
催办,黑洞,0.08
薛之谦,谭维维,0.75
围魏救赵,居安思危,0.75
落座,伸手,0.86
冷漠,委屈,0.86
引力,愤怒,0.6
玄鸟,精卫,0.76
请假,销假,0.78
湖畔,井水不犯,0.25
程门立雪,借刀杀人,0.95
持之以恒,记忆,0.62
皮雕,应龙,0.56
你的名字,嫦娥,0.39
神农,白虎,0.8
订房,拍景,0.88
皮肤,刷本,0.85
惆怅,满足,0.75
安心,敬佩,0.83
烤鸭,煎饼,0.78
伏羲,酆都,0.92
无奈,木偶,0.13
王力宏,周杰伦,0.85
名不副实,一箭双雕,0.83
豆腐,螺蛳粉,0.93
元旦,冬至,0.79
刮骨疗毒,刷本,0.37
司马迁,王勃,0.8
摘记,理解,0.78
纸上谈兵,后来,0.07
视角,匹配,0.9
出境,赶车,0.94
星座,摘记,0.24
挥拳,老鼠过街,0.27
熊,社火,0.27
背水一战,社火,0.12
孟婆,巫师,0.23
处暑,白露,0.94
八仙过海,刻舟求剑,0.87
逛街,购物,0.93
王菲,蔡依林,0.75
借刀杀人,欣慰,0.47
书法,剪纸,0.79
汉堡,油菜花,0.1
激动,踮脚,0.08
开心,羡慕,0.87
哲学,数学,0.92
风之谷,咒术回战,0.91
背诵,写作,0.77
美少女战士,网球王子,0.91
登机,安检,0.8
刑天,玄鸟,0.81
社会,考古,0.86
解谜,水星,0.28
稻香,十年,0.83
孟婆,掉落,0.48
漆器,花灯,0.92
水中捞月,签证,0.39
森林,山谷,0.81
雪中送炭,安心,0.26
山谷,牧场,0.95
霜降,父亲节,0.95
起身,摄梦人,0.22
孙燕姿,王菲,0.86
按部就班,杯弓蛇影,0.92
奔跑,挥手,0.81
排位,豆花,0.15
相声,碑刻,0.88
感恩,依恋,0.89
离职,做家务,0.42
药学,物理,0.79
攻略,秃子头上,0.12
十年,告白,0.79
满足,压抑,0.88
泥菩萨过,泡汤,0.47
红豆,俯卧,0.29
赶鸭子上架,猫哭耗子,0.78
起床,追剧,0.91
听写,做笔记,0.9
地球,暗物质,0.93
千与千寻,毛不易,0.22
火锅,披萨,0.92
秦时明月,玄女,0.19
引力,地球,0.94
破釜沉舟,纸上谈兵,0.94
排查,复盘,0.76
梁静茹,李荣浩,0.83
自豪,伤心,0.93
守护神,守墓人,0.82
木星,望远镜,0.78
冰淇淋,卧冰求鲤,0.28
懊悔,兴奋,0.87
攻略,年画,0.63
茶道,昆曲,0.91
上线,日报,0.94
完璧归赵,理解,0.54
稻田,夜色,0.81
语文,轨道,0.42
峡谷,日出,0.78
火影,刺客伍六七,0.82
梦魇,父亲节,0.44
做饭,通勤,0.93
合成,排位,0.81
按部就班,小暑,0.36
金星,井底之蛙,0.63
牛排,悬梁刺股,0.65
感恩节,劳动节,0.91
心猿意马,一鸣惊人,0.88
蔡依林,毛不易,0.89
孙悟空,林黛玉,0.84
司马光,诸葛亮,0.94
视角,闯关,0.81
辛弃疾,白居易,0.82
关羽,花木兰,0.91
存档,过图,0.84
郁闷,蛋挞,0.62
伏羲,换汇,0.16
麒麟,烛龙,0.84
挥手,俯身,0.83
刘德华,张杰,0.77
弓步,樱桃小丸子,0.17
驯熊师,贾宝玉,0.19
张杰,听讲,0.3
刷牙,通风,0.91
青铜,纸鸢,0.8
晚睡,早起,0.84
晴天,平凡之路,0.84
望远镜,狗咬吕洞宾,0.55
泡汤,订房,0.79
森林,竹海,0.78
排球少年,龙猫,0.93
免税,组队,0.1
立秋,春节,0.92
统计,文学,0.76
总结,解答,0.89
动物,小溪,0.11
社会,鲁迅,0.64
汇总,跟进,0.82
影子,竹编,0.49
狼王,盗贼,0.8
和尚打伞,杯水车薪,0.81
闻鸡起舞,卧薪尝胆,0.91
海湾,云雾,0.91
酆都,女娲,0.93
斗破苍穹,十年,0.1
转机,惆怅,0.2
夜曲,极光,0.15
向导,剪纸,0.36
升职,下线,0.89
凿壁借光,退避三舍,0.85
星系,黑洞,0.78
考古,美术,0.9
小行星,冰川,0.64
心理,鸡犬升天,0.46
催办,审核,0.85
亡羊补牢,经济,0.13
篆刻,同舟共济,0.08
理财,护肤,0.82
兔子尾巴,老虎头上,0.94
委屈,委屈,0.99
周杰伦,琴棋,0.43
逛街,洗碗,0.86
潜狼,猎人,0.82
判官,麒麟,0.92
后羿,烛龙,0.78
约法三章,逛馆,0.21
大雪,霜降,0.92
青龙,狗尾续貂,0.61
退避三舍,影子,0.13
鹤立鸡群,名不副实,0.76
咖喱,演示,0.29
夜色,石桥,0.83
自驾,觅食,0.79
演示,整理,0.87
围魏救赵,围魏救赵,0.99
取件,做家务,0.88
大暑,复活节,0.77
船到桥头,花田,0.28
最美的期待,亡羊补牢,0.62
后退,转身,0.9
诸葛亮,晚睡,0.15
做题,阅读,0.77
晚霞,林间,0.94
赶鸭子上架,船到桥头,0.94
山脊,泥菩萨过,0.21
换汇,三明治,0.22
梁静茹,王力宏,0.79
理发,弯腰,0.25
鲛人,阎罗,0.81
青龙,四面楚歌,0.17
引力波,抬头,0.09
整理,催办,0.19
数学,经济,0.88
洗碗,丢垃圾,0.78
匆匆那年,起风了,0.84
愚者,王安石,0.13
上课,戏曲,0.14
刀剑神域,犬夜叉,0.95
淡定,轻松,0.89
漆器,刮骨疗毒,0.53
投笔从戎,夜曲,0.5
美术,气候,0.8
通风,冲茶,0.78
期待,温馨,0.91
神农,龙猫,0.48
哆啦A梦,名侦探柯南,0.92
体面,夜曲,0.92
墙头草,赶鸭子上架,0.92
值班,方案,0.84
柳宗元,苏轼,0.76
集章,出境,0.93
立项,跟进,0.93
老虎头上,小葱拌豆腐,0.82
羞涩,体面,0.26
元旦,阅读,0.25
旋转,和尚打伞,0.2
对齐,离职,0.79
蒲松龄,文天祥,0.91
对牛弹琴,望梅止渴,0.8
洗漱,通话,0.75
居安思危,洗衣,0.48
联机,塔防,0.83
画地为牢,元宵,0.22
真挚,羞涩,0.9
夜色,花田,0.79
白虎,杨戬,0.78
京剧,京剧,0.99
通风,毛遂自荐,0.44
挤压,联机,0.25
泥塑,剪纸,0.85
弹跳,迈步,0.91
祖冲之,鲁迅,0.85
越剧,庙会,0.79
陶瓷,森林,0.37
石雕,琴棋,0.88
拍景,看海,0.87
丘比特,预备役,0.89
日食,暗能量,0.83
王菲,邓紫棋,0.94
连麦,首领,0.78
小行星,外星人,0.78
抬头,欣慰,0.43
和尚打伞,花木兰,0.17
复活,卡关,0.77
皮雕,游戏王,0.39
对牛弹琴,井底之蛙,0.88
阅读,记忆,0.95
京剧,龙舟,0.83
邓紫棋,农学,0.3
审核,汇报,0.92
小雪,元宵,0.88
惆怅,释然,0.76
起身,推挡,0.76
体面,稻香,0.9
斗罗大陆,全职猎人,0.87
晒衣,租房,0.76
入职,里程碑,0.76
迷茫,迷茫,0.99
滑行,竹竿进城,0.09
负荆请罪,狼骑士,0.24
命运之夜,青之驱魔师,0.8
上课,忐忑,0.41
教育,管理,0.76
一字千金,开心,0.17
吹笛者,井底青蛙,0.24
连击,暴击,0.82
麻花,火锅,0.92
后来我们,失落,0.44
伸手,樱花,0.61
程门立雪,黔驴技穷,0.92
伸手,挟天子,0.25
破釜沉舟,青之驱魔师,0.11
唇亡齿寒,望梅止渴,0.83
白居易,陆游,0.87
疑惑,惊恐,0.86
沙拉,糖葫芦,0.88
弓步,挤压,0.86
政治,芒种,0.57
养宠,逛街,0.89
孙悟空,心疼,0.48
不良人,网球王子,0.77
草甸,晚霞,0.93
风之谷,网球王子,0.84
画蛇添足,黔驴技穷,0.16
惊喜,惊喜,0.99
守夜人,狼骑士,0.94
玄女,白泽,0.77
瓜田李下,老马识途,0.85
韩信,溪流,0.14
纸鸢,评书,0.85
打野,排位,0.93
做题,复习,0.93
写作,背诵,0.79
祭司,猎魔人,0.8
惆怅,烦躁,0.8
粽子,纪念品,0.16
李荣浩,陈奕迅,0.86
追剧,逛街,0.95
苏轼,复活节,0.25
首领,闯关,0.83
月饼,烦闷,0.39
黑洞,茶园,0.57
梦魇,预备役,0.93
评书,陶瓷,0.77
骑士,预言家,0.89
温馨,嫉妒,0.94
需求,秀才遇鬼,0.62
夜曲,贾宝玉,0.28
刷本,连麦,0.85
海岸,古城,0.84
新手,组队,0.89
一鸣惊人,名不副实,0.95
杨千嬅,王力宏,0.82
读书,起床,0.76
杨千嬅,合成,0.19
购物,体面,0.1
自驾,免税,0.75
推挡,白狼,0.27
陶瓷,茶道,0.91
欣慰,嫉妒,0.94
丘比特,狼王,0.76
龙舟,竹编,0.88
昆曲,饕餮,0.28
果汁,寿司,0.84
以卵击石,曹操,0.1
梁静茹,谭维维,0.91
云海,林间,0.79
你的名字,大鱼海棠,0.89
平静,羞涩,0.8
解答,抄写,0.88
相声,香道,0.9
甜品,豆花,0.8
对牛弹琴,对牛弹琴,0.99
骑士,梦魇,0.92
挤压,古城,0.05
挤压,旋转,0.82
罗小黑战记,游戏王,0.84
图穷匕见,黔驴技穷,0.76
满足,惊讶,0.84
听写,刘德华,0.1
排查,预读,0.26
蒲松龄,孟子,0.93
大雪,小雪,0.78
李清照,范仲淹,0.9
饕餮,雷公,0.76
销假,日报,0.89
挥手,腾挪,0.9
孤寂,安心,0.91
粥品,星系,0.59
懊悔,期待,0.78
攻略,觅食,0.89
七夕,大暑,0.84
一箭双雕,一鸣惊人,0.83
后来我们,小幸运,0.75
读书,通勤,0.93
魔术师,魔术师,0.99
龙猫,游戏王,0.83
碑刻,泥塑,0.87
斗罗大陆,风之谷,0.77
程门立雪,负薪读书,0.8
饕餮,女魃,0.76
冷淡,喜悦,0.93
担忧,释怀,0.9
王羲之,贾宝玉,0.78
立项,销假,0.94
辛弃疾,蒲松龄,0.77
刘德华,蔡依林,0.92
观光,夜游,0.86
庙会,泥塑,0.78
魔术师,狼美人,0.77
语文,语文,0.99
侧步,打扫,0.21
理发,泡澡,0.76
咒术回战,负荆请罪,0.13
装修,关羽,0.55
沙拉,豆浆,0.8
木星,恒星,0.82
金星,真空,0.87
审核,落地,0.79
地球,卫星,0.95
惆怅,林俊杰,0.45
彗星,名不副实,0.22
社火,茶道,0.77
政治,医学,0.87
王菲,林俊杰,0.9
逛街,护肤,0.93
禁言长老,租房,0.64
小暑,万圣节,0.76
转身,读书,0.06
那英,毛不易,0.86
烦闷,坦诚,0.83
薛之谦,光年,0.12
陈奕迅,张信哲,0.82
邓紫棋,张杰,0.78
瞎子摸象,和尚打伞,0.77
晒衣,读书,0.94
海阔天空,告白,0.84
评审,小笼包,0.14
围魏救赵,卧薪尝胆,0.85
夏至,感恩节,0.9
悲伤,烦躁,0.78
圣诞,宇宙,0.19
评书,相声,0.95
冷漠,欣慰,0.91
开心,俯冲,0.27
郑板桥,搬家,0.43
那英,居安思危,0.17
美术,哲学,0.92
星系,金星,0.94
排球少年,大鱼海棠,0.86
对齐,对齐,0.99
需求,投标,0.79
热切,期待,0.93
害怕,压抑,0.8
炸鸡,烧饼,0.77
理发,理发,0.99
玄女,白泽,0.93
三令五申,看展,0.37
销假,方案,0.78
刺客伍六七,海湾,0.18
狼狈为奸,画龙点睛,0.85
书法,越剧,0.81
抬头,俯卧,0.86
后退,摇头,0.81
立夏,端午,0.77
洗衣,午休,0.8
托运,向导,0.91
理发,丢垃圾,0.91
冰川,升职,0.13
煎饼,寿司,0.88
禁锢者,血月使者,0.78
张信哲,王菲,0.88
逛馆,民宿,0.77
小幸运,划点,0.14
大雪,立夏,0.92
负荆请罪,土星,0.29
俯身,踮脚,0.9
背诵,王力宏,0.45
狼狈为奸,一箭双雕,0.91
纸鸢,国画,0.85
瞎子摸象,纸里包火,0.9
单机,战绩,0.92
哑巴吃黄连,茶壶里煮饺,0.92
黑洞,通勤,0.13
猎魔人,咖喱,0.12
酆都,曹操,0.49
销假,奶茶,0.46
豆花,粽子,0.81
向导,订票,0.91
林间,花海,0.78
邓紫棋,做作业,0.29
卡关,单机,0.91
理解,默写,0.83
匆匆那年,红豆,0.75
挥手,伸手,0.92
混血儿,张杰,0.25
晚睡,晚睡,0.99
春分,父亲节,0.82
立春,叶公好龙,0.28
汇报,调休,0.82
复习,摘记,0.77
蹲下,后退,0.87
完璧归赵,背水一战,0.81
画江湖,秦时明月,0.87
批改,答辩,0.89
白虎,太阳系,0.44
退避三舍,望梅止渴,0.93
抬头,芒种,0.17
抄写,预习,0.83
画江湖,咒术回战,0.81
粥品,火锅,0.94
排查,林俊杰,0.45
惊喜,社火,0.16
臭豆腐,炸鸡,0.81
天文,控蓝,0.38
麻花,泡芙,0.91
平静,喜悦,0.75
泡芙,火锅,0.93
郑和,白居易,0.93
组队,手柄,0.91
围魏救赵,单刀赴会,0.87
伤心,悬梁刺股,0.16
霜降,母亲节,0.85
掉落,上课,0.2
郑和,郑和,0.99
小雪,森林,0.64
奔跑,抬手,0.89
后退,茶壶里煮饺,0.25
对症下药,开心,0.44
擀面杖吹火,杯水车薪,0.92
盲人摸象,对症下药,0.84
练习,招聘,0.18
狼骑士,狼人,0.77
计算,酸辣粉,0.47
里程碑,孔子,0.26
逻辑,教育,0.79
法学,教育,0.83
千与千寻,震撼,0.26
骑士,狼骑士,0.94
冷淡,心酸,0.94
冷淡,安心,0.86
青花瓷,告白,0.93
狼狈为奸,对牛弹琴,0.85
归纳,理解,0.93
张良,酸辣粉,0.08
李荣浩,王勃,0.37
咖喱,月饼,0.94
夜曲,海阔天空,0.88
沙漠,小满,0.11
破釜沉舟,许嵩,0.28
挟天子,挟天子,0.99
小年,谷雨,0.8
取件,养宠,0.84
老马识途,麻雀虽小,0.91
按兵不动,点头,0.58
麻辣烫,沙拉,0.93
对症下药,守口如瓶,0.84
杜甫,柳宗元,0.77
罗小黑战记,蜡笔小新,0.89
背水一战,陈奕迅,0.39
盘腿,蹒跚,0.92
晒衣,养宠,0.91
卧薪尝胆,围魏救赵,0.87
先知,先知,0.99
馒头,烧烤,0.95
对症下药,持之以恒,0.88
林黛玉,李时珍,0.77
预读,看海,0.18
亡羊补牢,白蛇缘起,0.09
无奈,喜悦,0.75
教程,光年,0.43
盲人摸象,期待,0.17
森林,冰川,0.79
测验,平凡之路,0.6
郑板桥,杜甫,0.81
白虎,玄武,0.78
井底之蛙,亡羊补牢,0.81
三令五申,悬梁刺股,0.95
复活,掉线,0.79
塔防,新手,0.79
梁静茹,刘德华,0.95
狼人,禁言长老,0.75
编钟,碑刻,0.88
泡澡,午休,0.92
稻香,光年之外,0.93
父亲节,父亲节,0.99
黄鼠狼拜年,井水不犯,0.84
俯卧,踢踏,0.82
网球王子,风之谷,0.85
命运之夜,未闻花名,0.85
日报,赶车,0.15
抽卡,首领,0.85
社会,化学,0.89
鞠躬,翻滚,0.91
青铜,周深,0.23
释然,霜降,0.09
月球,真空,0.95
惆怅,平和,0.85
茶壶里煮饺,秀才遇鬼,0.92
白居易,花木兰,0.88
井水不犯,井水不犯,0.99
农学,护理,0.76
滑行,潜伏,0.83
起床,早起,0.78
画饼充饥,画饼充饥,0.99
梁静茹,数码宝贝,0.26
交付,汇总,0.93
温柔,入职,0.12
劳动节,重阳,0.89
后退,体面,0.51
烧饼,汉堡,0.81
点头,挤压,0.93
守口如瓶,美术,0.42
法学,摘记,0.07
化学,医学,0.84
代数,喜羊羊,0.19
鲲鹏,饕餮,0.93
欣喜,欣喜,0.99
大公无私,沙盒,0.35
貔貅,音乐,0.12
评审,值班,0.82
西王母,共工,0.84
升级,复活,0.9
读档,新手,0.92
摄梦人,平凡之路,0.12
蚩尤,精卫,0.8
刻舟求剑,轻松,0.13
挥拳,百发百中,0.43
饕餮,玄武,0.77
秧歌,评弹,0.84
真挚,感动,0.92
红豆,灯谜,0.55
蜻蜓点水,井底青蛙,0.93
兔子尾巴,瀑布,0.39
伸展,奔跑,0.82
换汇,看展,0.86
气象,工程,0.93
理解,默写,0.78
背诵,写论文,0.91
压抑,震撼,0.84
月饼,雨水,0.17
王菲,剪纸,0.2
狗尾续貂,猪八戒照镜,0.94
丹霞,晚霞,0.75
一字千金,居安思危,0.94
期待,热切,0.89
三令五申,约法三章,0.87
秧歌,竹编,0.95
小雪,小雪,0.99
法学,拿鸡毛,0.27
最美的期待,停下,0.26
判官,购物,0.23
集章,换汇,0.83
凿壁借光,背水一战,0.78
挥拳,弹跳,0.75
黑执事,海湾,0.2
镇魂街,三令五申,0.08
预习,刘德华,0.54
奔跑,踢踏,0.76
辛弃疾,孙悟空,0.95
夸父,追剧,0.11
烦闷,复活,0.11
鹤立鸡群,存档,0.26
登顶,露台,0.76
麒麟,麒麟,0.99
秧歌,刺客伍六七,0.26
潜伏,奔跑,0.92
铁公鸡,铁公鸡,0.99
俯冲,俯卧,0.75
化学,教育,0.83
杯水车薪,拿鸡毛,0.84
张杰,刘德华,0.79
韩愈,范仲淹,0.76
地理,地质,0.95
漆器,麻辣烫,0.39
暗能量,星球,0.8
张杰,预备役,0.24
考古,音乐,0.86
狗尾续貂,擀面杖吹火,0.9
相柳,女娲,0.89
煎饼,冰淇淋,0.87
趁热打铁,引力,0.22
海浪,夜色,0.8
晾晒,刷牙,0.8
茶道,漆器,0.84
以卵击石,王菲,0.09
对牛弹琴,预习,0.27
香道,剪纸,0.84
李荣浩,卫星,0.22
欣赏,欣喜,0.78
焦虑,停下,0.11
茶壶里煮饺,狗咬吕洞宾,0.83
美少女战士,百发百中,0.25
芒种,春分,0.84
烧烤,麻辣烫,0.76
做笔记,摘记,0.92
做实验,整理,0.83
范仲淹,咖喱,0.39
幽游白书,镇魂街,0.75
失落,懊悔,0.81
嫉妒,无奈,0.78
公会,唇亡齿寒,0.45
雪峰,丹霞,0.8
红移,名不副实,0.57
火箭,日食,0.78
饕餮,热切,0.19
隐狼,走位,0.17
策略,竹海,0.2
刷本,李清照,0.14
禁言长老,猎人,0.83
梦魇,梦魇,0.99
麻雀虽小,八仙过海,0.78
匆匆那年,后来我们,0.8
体面,背水一战,0.15
告白气球,青花瓷,0.91
青铜,悬梁刺股,0.48
思念,担忧,0.94
惋惜,期待,0.93
点头,俯身,0.91
理发,淋浴,0.78
狗咬吕洞宾,瓜田李下,0.9
编钟,花鼓,0.82
自豪,害怕,0.83
纪念品,出境,0.78
张良,柳宗元,0.82
陶瓷,花灯,0.94
咒术回战,酸辣粉,0.49
万圣节,光年之外,0.17
弓步,合成,0.21
纸上谈兵,围魏救赵,0.88
夜色,礁石,0.77
对牛弹琴,指鹿为马,0.11
气象,跟进,0.14
安检,纸上谈兵,0.58
鲁迅,班固,0.77
考试,上课,0.79
退避三舍,三顾茅庐,0.8
自相矛盾,守株待兔,0.81
秀才遇鬼,平凡之路,0.41
销假,催办,0.93
瀑布,礁石,0.78
狼骑士,火锅,0.58
雪中送炭,后来,0.38
山谷,竹海,0.78
早起,狗尾续貂,0.17
空间站,彗星,0.82
粥品,肉夹馍,0.87
竹海,古城,0.9
期待,愤怒,0.9
数学,历史,0.85
愉快,兴奋,0.91
调休,香道,0.06
赶车,看展,0.76
竹海,挥拳,0.12
王安石,孟子,0.91
秦时明月,秦时明月,0.99
语文,生态,0.85
谭维维,杨千嬅,0.77
跟进,离职,0.9
引力,彗星,0.9
李白,王勃,0.92
女巫,狼人,0.77
连麦,控蓝,0.75
咒术回战,刀剑神域,0.83
陨石,火箭,0.94
三明治,云海,0.16
墙头草,墙头草,0.99
麒麟,酆都,0.82
小年,重阳,0.81
潜狼,嫉妒,0.12
岳飞,排期,0.24
玄女,夸父,0.77
盗贼,村民,0.8
逛街,读书,0.91
瞎子摸象,茶壶里煮饺,0.91
晴天,美术,0.26
森林,小溪,0.86
持之以恒,井然有序,0.86
梁静茹,张信哲,0.8
通灵师,通灵师,0.99
咖喱,压抑,0.26
美术,文学,0.92
协同,催办,0.93
杯弓蛇影,玄武,0.55
徒步,杨戬,0.05
王安石,郑板桥,0.93
弹跳,挤压,0.77
铁公鸡,老马识途,0.84
日报,材料,0.58
吹笛者,手柄,0.26
雪峰,石桥,0.78
韩信,孔子,0.92
嫉妒,欣喜,0.84
顺水推舟,叶公好龙,0.9
雨水,秋分,0.92
母亲节,母亲节,0.99
面条,烧烤,0.9
螺蛳粉,粽子,0.84
王勃,韩信,0.88
望梅止渴,悬梁刺股,0.87
自相矛盾,热切,0.54
告白,舞狮,0.24
雨水,霜降,0.95
小暑,感恩节,0.94
起床,停下,0.05
梦魇,狼美人,0.88
玄武,先知,0.61
匹配,解谜,0.87
名侦探柯南,阅读,0.42
杨千嬅,复习,0.18
古城,加班,0.56
猫哭耗子,鸡犬升天,0.82
潜伏,握拳,0.8
猎人,祭司,0.93
吹笛者,禁锢者,0.84
愤懑,热切,0.84
石桥,牧场,0.8
天气之子,樱桃小丸子,0.75
宇宙,陨石,0.88
国画,茶园,0.21
冰川,古城,0.9
禁锢者,机械狼,0.91
引力,关羽,0.42
期待,迷茫,0.78
惊讶,苦闷,0.92
订房,驯熊师,0.52
谭维维,晴天,0.36
洗漱,逛街,0.89
整理,答辩,0.83
死神,安心,0.55
组队,副本,0.94
居安思危,单刀赴会,0.76
远程,调休,0.9
茶壶里煮饺,井底青蛙,0.82
语文,动物,0.75
进击的巨人,鬼灭之刃,0.91
排期,对接,0.92
生态,迈步,0.16
梁静茹,薛之谦,0.93
后来,惊喜,0.16
樱花,山谷,0.77
青花瓷,起风了,0.81
租车,坐船,0.78
漆器,打卡,0.58
重阳,劳动节,0.94
古镇,盘腿,0.56
青花瓷,体面,0.8
红豆,告白气球,0.93
演员,海阔天空,0.85
夜色,批改,0.58
装修,租房,0.79
张信哲,张杰,0.91
做实验,做实验,0.99
小葱拌豆腐,井水不犯,0.95
泡汤,麻辣烫,0.19
祖冲之,小年,0.4
破釜沉舟,背水一战,0.93
惊恐,惊恐,0.99
顺水推舟,以卵击石,0.87
协同,摇头,0.24
管理,医学,0.83
灵笼,思念,0.48
邓紫棋,林俊杰,0.78
麒麟,貔貅,0.89
释怀,嫉妒,0.81
火星,丘比特,0.24
失望,释然,0.76
画饼充饥,雪中送炭,0.88
狗咬吕洞宾,郑板桥,0.17
连麦,技能,0.81
相柳,端午,0.24
郁闷,温柔,0.76
焦虑,忐忑,0.86
冰淇淋,奶茶,0.86
茶园,稻田,0.92
下线,寒露,0.08
气象,代数,0.95
哪吒,蚩尤,0.75
午休,通话,0.9
柳宗元,张信哲,0.57
狼王,测试,0.11
抽卡,暴击,0.82
鲛人,白虎,0.92
海王星,真空,0.83
老马识途,鸡犬升天,0.87
王羲之,祖冲之,0.81
美少女战士,粽子,0.24
懊悔,惊讶,0.83
小葱拌豆腐,老虎头上,0.83
木偶,香道,0.91
伸展,漫步,0.62
冷漠,淋浴,0.45
平凡之路,海阔天空,0.82
烧烤,臭豆腐,0.91
母亲节,惊蛰,0.89
喜悦,端午,0.54
告白气球,做实验,0.1
小葱拌豆腐,秃子头上,0.94
王勃,庄子,0.86
王菲,俯卧,0.61
背水一战,期待,0.35
守护神,吹笛者,0.9
瞎子摸象,麻雀虽小,0.78
挥手,挤压,0.94
预习,抄写,0.9
小笼包,冰淇淋,0.79
拍照,逛馆,0.94
社会,植物,0.83
掩耳盗铃,羞愧,0.06
山谷,夜色,0.8
千与千寻,狐妖小红娘,0.76
紧张,惊讶,0.76
梁静茹,地理,0.09
汇报,日报,0.86
三令五申,闻鸡起舞,0.92
告白气球,小幸运,0.85
白痴,牛排,0.07
心理,张信哲,0.21
暗能量,空间站,0.79
天空之城,十年,0.4
协同,星游记,0.11
草原,海浪,0.78
冷淡,愤懑,0.87
国庆,大暑,0.93
女娲,玄鸟,0.79
预习,答辩,0.77
草原,茶园,0.8
期待,期待,0.99
猎魔人,白痴,0.93
熬夜,泡澡,0.91
夔牛,酆都,0.77
视角,策略,0.91
孟婆,守护神,0.22
掉落,语文,0.05
烤鸭,咖喱,0.93
石桥,花海,0.95
日食,流星雨,0.89
匆匆那年,测试,0.29
挥手,后退,0.76
青之驱魔师,动物,0.41
守夜人,感恩节,0.54
立秋,冰川,0.07
跟踪,评审,0.86
考古,数学,0.84
烤鱼,烤鱼,0.99
破釜沉舟,韩愈,0.55
张杰,那英,0.92
井底之蛙,秃子头上,0.86
提问,写作,0.79
日出,森林,0.78
挟天子,负薪读书,0.76
期待,懊悔,0.09
做实验,总结,0.82
烦闷,烦闷,0.99
鬼灭之刃,天气之子,0.81
芒种,感恩节,0.77
跟进,离职,0.95
守口如瓶,大公无私,0.84
晴天,青花瓷,0.91
潜伏,转身,0.8
心理,迈步,0.12
订房,转机,0.93
麒麟,竹竿进城,0.13
上网,外卖,0.9
郑和,花木兰,0.95
安心,洗衣,0.12
看展,拍照,0.85
三令五申,悬梁刺股,0.81
泡澡,刷牙,0.82
查阅,铁公鸡,0.22
悬崖,海岸,0.94
陆游,关羽,0.93
害怕,愉快,0.91
猪八戒照镜,瞎子点灯,0.84
销假,汇总,0.86
柳宗元,郑和,0.93
看夜景,泡汤,0.8
觅食,签证,0.89
腊八,兴奋,0.19
心理,园艺,0.8
演员,平凡之路,0.76
腊八,万圣节,0.92
馒头,拍照,0.24
天体,火星,0.77
女魃,貔貅,0.87
国画,篆刻,0.93
伏羲,冰淇淋,0.39
解谜,班固,0.22
行星,星云,0.94
言叶之庭,彗星,0.17
嫉妒,惊喜,0.79
实验,默写,0.94
漆器,国画,0.81
卡关,复活,0.85
听写,上课,0.86
对牛弹琴,守口如瓶,0.84
心猿意马,狼狈为奸,0.88
修灯,协同,0.1
政治,铃芽之旅,0.58
彩陶,引力波,0.54
湖泊,湖畔,0.82
山谷,灌篮高手,0.11
最美的期待,稻香,0.8
感动,欣赏,0.79
全职猎人,灌篮高手,0.85
峡谷,烦闷,0.63
孔子,鲁迅,0.75
记忆,听讲,0.9
那英,孙燕姿,0.86
班固,周杰伦,0.05
杜甫,心酸,0.21
狼人,通灵师,0.8
后来我们,海阔天空,0.81
守口如瓶,李荣浩,0.08
白居易,李时珍,0.92
湖泊,林间,0.92
孟婆,貔貅,0.83
张学友,谭维维,0.82
四面楚歌,刷本,0.61
鲲鹏,夔牛,0.94
答辩,考试,0.84
张良,狗咬吕洞宾,0.47
追剧,修灯,0.78
体面,晴天,0.87
起身,盘腿,0.91
行李,露营,0.8
朗读,青花瓷,0.2
烧烤,装修,0.22
化学,地质,0.92
厌烦,安心,0.8
卡关,做作业,0.08
悬梁刺股,听写,0.59
万圣节,立秋,0.79
园艺,哲学,0.82
看夜景,看展,0.91
落地,汇总,0.85
泡汤,自驾,0.93
愧疚,喜悦,0.94
材料,天文,0.84
合成,卡关,0.8
韩愈,匆匆那年,0.21
望梅止渴,守株待兔,0.81
船到桥头,麻雀虽小,0.94
全职猎人,死神,0.83
泡芙,酸辣粉,0.8
午休,养宠,0.93
黑执事,蜡笔小新,0.93
石桥,湖畔,0.77
剪纸,泥塑,0.89
重阳,小暑,0.88
女娲,刺客伍六七,0.37
旋转,伸展,0.87
刺绣,戏曲,0.79
火锅,炸鸡,0.87
星云,恒星,0.81
轮岗,周报,0.81
熊,白痴,0.9
一鸣惊人,锦上添花,0.82
欣喜,抄写,0.48
破釜沉舟,卡关,0.21
烤鱼,炸鸡,0.94
沙盒,视角,0.9
网购,修灯,0.83
玄鸟,大禹,0.84
卧薪尝胆,借刀杀人,0.81
豆腐,煎饼,0.87
风之谷,石桥,0.14
石桥,森林,0.87
红豆,光年之外,0.84
评审,评弹,0.57
老鼠过街,做梦,0.29
无聊,古城,0.6
读档,技能,0.89
总结,背诵,0.83
森林,逛街,0.37
狼美人,轮岗,0.59
烤鸭,烧烤,0.75
杯弓蛇影,同舟共济,0.77
李时珍,韩信,0.86
王勃,张学友,0.53
千与千寻,进击的巨人,0.75
满足,期待,0.81
挤压,阎罗,0.09
庙会,香道,0.87
抄写,做题,0.95
猎人,饺子,0.6
神农,玄鸟,0.86
林黛玉,蒲松龄,0.77
剪纸,东京喰种,0.17
居安思危,高山流水,0.75
竹竿进城,墙头草,0.93
花灯,拓印,0.83
欣赏,惋惜,0.81
小年,露营,0.12
勇气,夜曲,0.84
夸父,西王母,0.79
空间站,日食,0.91
读档,联机,0.92
张学友,林俊杰,0.8
泡汤,订房,0.92
面条,粽子,0.86
自豪,开心,0.81
披萨,蛋挞,0.83
托运,转机,0.9
剪纸,花灯,0.77
鲲鹏,西王母,0.83
民宿,免税,0.88
闻鸡起舞,凿壁借光,0.85
茶道,木偶,0.79
孙燕姿,李荣浩,0.95
麻雀虽小,瓜田李下,0.92
招聘,掩耳盗铃,0.25
连击,过图,0.84
跟进,销假,0.82
化学,玄女,0.54
白泽,泥菩萨过,0.37
周深,迷茫,0.58
寒露,淡定,0.6
护肤,泡澡,0.93
滥竽充数,鹤立鸡群,0.85
订房,范仲淹,0.49
春分,金星,0.62
厌烦,震惊,0.9
震撼,失落,0.87
烤鸭,酸辣粉,0.83
周杰伦,摄梦人,0.16
玄女,酸奶,0.5
跟踪,父亲节,0.26
火箭,银河,0.94
闯关,连麦,0.85
鲛人,停下,0.5
瞎子戴眼镜,八仙过海,0.91
期待,压抑,0.9
踢踏,弹跳,0.79
机械狼,立项,0.56
禁言长老,白狼王,0.79
处暑,国庆,0.78
卧薪尝胆,擀面杖吹火,0.5
顺水推舟,守口如瓶,0.88
金星,流星雨,0.86
嫉妒,杯水车薪,0.11
粽子,粽子,0.99
落座,欣慰,0.45
鲁迅,卧薪尝胆,0.57
掉落,药学,0.15
政治,羞愧,0.39
小溪,隐狼,0.16
园艺,动物,0.76
海阔天空,逻辑,0.51
惬意,顺水推舟,0.64
通风,以卵击石,0.63
茶壶里煮饺,擀面杖吹火,0.86
摘记,上课,0.9
海湾,峡谷,0.8
暗物质,水星,0.92
赶鸭子上架,竹竿进城,0.82
翻滚,伸手,0.88
按兵不动,一鸣惊人,0.89
讨论,记忆,0.84
卧冰求鲤,指鹿为马,0.84
惆怅,满足,0.86
汉堡,粽子,0.79
温柔,孤独,0.3
晚霞,森林,0.8
单刀赴会,三顾茅庐,0.9
斗破苍穹,海贼王,0.94
庙会,花鼓,0.86
迷茫,温馨,0.83
秃子头上,熊出没,0.12
代数,材料,0.9
邓紫棋,无奈,0.16
记忆,上课,0.86
牛排,牛排,0.99
借刀杀人,借刀杀人,0.99
投笔从戎,凿壁借光,0.79
火星,土星,0.76
惊蛰,儿童节,0.94
李荣浩,孟婆,0.18
跟进,茶道,0.27
梦魇,骑士,0.76
对接,复盘,0.82
毛遂自荐,闻鸡起舞,0.84
奶茶,泡芙,0.75
宇宙,伸手,0.21
郁闷,愉快,0.63
体面,青花瓷,0.79
请假,轮岗,0.77
和尚打伞,狼美人,0.44
李清照,卫星,0.23
陶瓷,香道,0.89
披萨,酸辣粉,0.79
熬夜,洗衣,0.91
三令五申,抬头,0.59
做题,阅读,0.9
叶公好龙,画饼充饥,0.84
安心,坦诚,0.81
逛街,石像鬼,0.23
吹笛者,狼王,0.77
八面玲珑,上网,0.19
真挚,命运之夜,0.38
罗小黑战记,青之驱魔师,0.82
诸葛亮,禁锢者,0.21
刻舟求剑,赶鸭子上架,0.9
心疼,卫星,0.21
借刀杀人,邯郸学步,0.77
推挡,点头,0.77
安检,换汇,0.86
匹配,技能,0.89
赶车,攻略,0.75
挥手,旋转,0.82
托运,换汇,0.83
书法,陶瓷,0.83
蛋挞,秋分,0.47
编钟,篆刻,0.76
租房,孟子,0.37
守墓人,井底之蛙,0.29
狼美人,预备役,0.8
签证,觅食,0.81
天王星,担忧,0.13
奔跑,踮脚,0.77
纪念品,觅食,0.78
评书,相声,0.75
社火,许嵩,0.1
汇报,催办,0.77
解答,望梅止渴,0.29
刮骨疗毒,触龙说赵,0.81
触龙说赵,释然,0.14
销假,自检,0.86
狼狈为奸,画地为牢,0.94
坦诚,惊喜,0.86
青铜,暗能量,0.09
稻香,演员,0.78
请假,交付,0.83
薛之谦,李荣浩,0.93
挑灯夜战,叶公好龙,0.92
一字千金,跳跃,0.48
霜降,清明,0.76
动物,天体,0.77
女娲,夸父,0.79
俯冲,挥手,0.89
饺子,冰淇淋,0.78
白痴,气候,0.49
观光,协同,0.56
舞狮,天体,0.27
画江湖,火影,0.94
日报,复盘,0.92
玄武,夸父,0.9
万圣节,秋分,0.76
处暑,处暑,0.99
雪中送炭,海浪,0.17
烦闷,感动,0.91
担忧,安心,0.76
租车,徒步,0.77
判官,雷公,0.83
讲解,翻译,0.82
破釜沉舟,馒头,0.47
梁静茹,引力,0.13
西王母,烛龙,0.82
青龙,伏羲,0.92
谭维维,梁静茹,0.81
花灯,楹联,0.79
沙漠,湖泊,0.78
免税,订票,0.81
亡羊补牢,星球,0.26
心理,守墓人,0.25
芒种,处暑,0.95
暗能量,火箭,0.86
寒露,春节,0.93
行李,潜狼,0.08
薛之谦,周深,0.93
麻辣烫,月饼,0.85
合成,愤懑,0.26
混血儿,守夜人,0.88
鹤立鸡群,井然有序,0.86
暴击,新手,0.76
红猪,东京喰种,0.91
排球少年,夏目友人帐,0.91
叶公好龙,亡羊补牢,0.83
玄女,刑天,0.93
木星,控蓝,0.63
后退,推挡,0.93
暗能量,引力,0.82
篆刻,瀑布,0.57
毛不易,刘德华,0.86
云雾,沙漠,0.86
失落,厌烦,0.88
复述,预习,0.91
生物,碑刻,0.4
租房,淋浴,0.92
麒麟,里程碑,0.17
模拟,中秋,0.5
逛街,晚睡,0.82
租车,释然,0.36
美术,药学,0.79
美少女战士,伤心,0.19
羞涩,伏羲,0.48
勇气,演员,0.9
碑刻,评书,0.92
掉落,升级,0.89
潜狼,白狼王,0.87
免税,离职,0.08
画龙点睛,画蛇添足,0.91
经济,祖冲之,0.51
整理,提问,0.93
后来,狼人,0.14
退避三舍,进击的巨人,0.42
夜色,峡谷,0.88
暴击,阅读,0.15
晚霞,夏至,0.14
暗能量,超新星,0.84
小葱拌豆腐,麻雀虽小,0.91
匆匆那年,倒挂,0.65
伸展,伸展,0.99
立秋,小年,0.75
首领,抽卡,0.78
悬崖,晚霞,0.94
安心,古城,0.14
馒头,馒头,0.99
星云,评弹,0.5
失落,惊喜,0.84
湖泊,沙漠,0.88
雪中送炭,名不副实,0.8
黑洞,空间站,0.82
卫星,日食,0.93
寿司,西王母,0.3
小暑,秋分,0.88
幽游白书,天空之城,0.9
起风了,后来我们,0.78
做作业,背诵,0.86
曹操,苏轼,0.78
虹猫蓝兔,镇魂街,0.93
血月使者,机械狼,0.88
邯郸学步,破釜沉舟,0.87
写论文,预读,0.84
禁言长老,白狼,0.8
摘记,听写,0.87
周深,收拾,0.2
翻滚,蹲下,0.78
复活节,春节,0.82
百发百中,按兵不动,0.87
名不副实,大公无私,0.78
读书,熬夜,0.8
月饼,烤鸭,0.82
王羲之,郑板桥,0.85
宇宙,天王星,0.78
恒星,引力波,0.85
文学,预言家,0.58
犬夜叉,铃芽之旅,0.92
通灵师,丘比特,0.92
掩耳盗铃,掩耳盗铃,0.99
挥手,腾挪,0.78
考试,落座,0.3
会议,汇报,0.92
白狼,狼美人,0.76
安心,臭豆腐,0.54
李荣浩,王菲,0.77
夜色,海浪,0.93
羞愧,震撼,0.8
叶公好龙,画饼充饥,0.8
落地,立项,0.86
统计,天体,0.76
判官,烛龙,0.83
李白,石桥,0.25
刘德华,陈奕迅,0.9
投标,销假,0.85
进击的巨人,安检,0.12
讲解,划点,0.9
温柔,热切,0.81
加班,排查,0.93
愤怒,嫉妒,0.79
蜡笔小新,黑执事,0.85
庄子,李白,0.78
社火,彩陶,0.85
理财,晚睡,0.9
法学,气象,0.87
混血儿,驯熊师,0.89
蚩尤,薛之谦,0.36
犬夜叉,虹猫蓝兔,0.94
琴棋,楹联,0.87
觅食,王安石,0.57
西王母,阎罗,0.76
高山流水,高山流水,0.99
立春,小年,0.94
一箭双雕,守株待兔,0.85
鬼灭之刃,生物,0.17
迈步,腾挪,0.93
儿童节,斗罗大陆,0.17
未闻花名,秦时明月,0.81
持之以恒,井底之蛙,0.84
银河,行星,0.87
糖葫芦,馒头,0.77
释然,转机,0.29
加班,对齐,0.85
祭司,狼人,0.92
最美的期待,圣诞,0.23
张良,觅食,0.14
侧步,旋转,0.91
守卫,岳飞,0.6
国庆,夏至,0.84
犬夜叉,鬼灭之刃,0.87
王力宏,读档,0.6
抽卡,刷本,0.82
愤怒,孤独,0.92
后来,匆匆那年,0.85
汇报,汇总,0.75
香道,书法,0.91
儿童节,读档,0.36
搬家,水星,0.41
天体,热切,0.26
相柳,酆都,0.76
老鼠过街,拿鸡毛,0.91
丘比特,隐狼,0.76
恒星,真空,0.86
管理,医学,0.92
秋分,小满,0.89
守口如瓶,画龙点睛,0.76
模拟,批改,0.82
蹲下,挥手,0.86
安心,期待,0.87
俯卧,前进,0.89
汇总,汇总,0.99
惊蛰,惊蛰,0.99
灯谜,热切,0.49
月饼,懊悔,0.21
测验,讨论,0.8
上网,刷牙,0.77
逻辑,弯腰,0.21
土星,毛遂自荐,0.55
父亲节,小雪,0.86
起风了,跟踪,0.51
悬崖,竹海,0.77
平凡之路,卧薪尝胆,0.38
日报,落地,0.83
引力波,青龙,0.2
行星,银河,0.76
悬梁刺股,卧冰求鲤,0.86
通话,通风,0.86
天气之子,指鹿为马,0.09
女魃,杨戬,0.83
轻松,火锅,0.08
雨水,小满,0.8
紧张,懊悔,0.84
后退,红豆,0.12
银魂,斗罗大陆,0.76
猎人,石像鬼,0.84
咖喱,豆花,0.77
一字千金,草船借箭,0.95
值机,登机,0.78
铁杵磨针,升级,0.43
小行星,宇宙,0.82
三令五申,卧冰求鲤,0.79
伸手,井底之蛙,0.24
投标,方案,0.9
蒲松龄,张衡,0.75
跟踪,张良,0.09
王力宏,梁静茹,0.83
儿童节,惊蛰,0.81
集章,转机,0.79
担忧,平静,0.81
惬意,自豪,0.89
金星,天王星,0.87
酆都,西王母,0.95
京剧,蒲松龄,0.16
庙会,守护神,0.58
八仙过海,瞎子点灯,0.78
星座,天王星,0.87
塔防,手柄,0.78
斗破苍穹,魔女宅急便,0.9
高山流水,生态,0.09
体面,告白气球,0.79
按部就班,杯水车薪,0.84
韩愈,滑行,0.27
打野,控蓝,0.9
貔貅,大禹,0.91
做作业,摘记,0.76
茶园,小溪,0.76
轻松,紧张,0.76
白居易,郑板桥,0.83
瓜田李下,瞎子摸象,0.95
图穷匕见,约法三章,0.86
狼美人,吹笛者,0.86
手柄,悬崖,0.06
惊讶,教育,0.16
郑板桥,柳宗元,0.82
玄女,皮影,0.16
屈原,白居易,0.83
光年之外,王勃,0.14
惊恐,欣赏,0.86
瀑布,花海,0.87
做梦,图穷匕见,0.58
释然,懊悔,0.78
白痴,狼美人,0.93
李荣浩,蔡依林,0.76
清明,轨道,0.08
养宠,理财,0.77
暗能量,引力波,0.92
丘比特,潜狼,0.91
对牛弹琴,杯水车薪,0.79
星游记,暴击,0.56
王羲之,白居易,0.8
白虎,酆都,0.92
单机,手柄,0.77
亡羊补牢,按部就班,0.8
奶茶,小笼包,0.85
刑天,倒挂,0.24
管理,演员,0.43
上课,答辩,0.91
秦始皇,孟子,0.91
老鼠过街,鸡犬升天,0.76
孟婆,孟婆,0.99
体面,匆匆那年,0.83
泡澡,熬夜,0.94
公会,控蓝,0.89
夏至,杯水车薪,0.26
真空,红移,0.86
老子,诸葛亮,0.93
孤独,愉快,0.8
淋浴,午休,0.77
豆浆,月饼,0.83
惬意,失落,0.91
悬崖,冰川,0.92
无奈,最美的期待,0.07
奔跑,勇气,0.52
中秋,元宵,0.82
猎魔人,盗贼,0.78
疑惑,光年之外,0.52
张杰,王菲,0.81
泡汤,天体,0.58
周报,理解,0.61
做题,测验,0.8
烤鱼,青花瓷,0.28
重阳,秋分,0.94
俯冲,嫉妒,0.29
破釜沉舟,谷雨,0.16
孔子,上课,0.22
真挚,心酸,0.82
上课,天体,0.58
弹跳,柳宗元,0.56
走位,匹配,0.93
平凡之路,匆匆那年,0.91
排位,炸鸡,0.18
哪吒,夸父,0.86
引力波,海阔天空,0.52
邯郸学步,卧薪尝胆,0.84
花鼓,篆刻,0.79
高山流水,完璧归赵,0.93
羞愧,失望,0.84
早起,通勤,0.76
持之以恒,画龙点睛,0.88
欣赏,古镇,0.27
兔子尾巴,瞎子摸象,0.82
连击,解谜,0.85
惊喜,汉堡,0.08
心猿意马,解答,0.29
理解,罗小黑战记,0.23
天文,代数,0.9
狼骑士,白狼,0.84
外卖,打扫,0.9
汇总,交接,0.84
海王星,历史,0.15
负薪读书,纸上谈兵,0.81
香道,花灯,0.85
泡汤,露营,0.95
中秋,秋分,0.88
蚩尤,雷公,0.84
纪念品,觅食,0.88
小溪,花田,0.88
陨石,黑洞,0.86
打野,技能,0.77
烦闷,安心,0.87
苏轼,逛街,0.58
猎人,丘比特,0.91
银魂,银魂,0.99
冲茶,约法三章,0.11
纸上谈兵,三顾茅庐,0.84
麻雀虽小,麻雀虽小,0.99
血月使者,孟子,0.48
看夜景,签证,0.91
下线,需求,0.82
护理,语文,0.88
血月使者,梦魇,0.88
井底青蛙,拿鸡毛,0.84
工程,白泽,0.29
欣赏,愤懑,0.78
管理,气象,0.92
最美的期待,体面,0.89
代数,统计,0.89
感动,安心,0.92
抽卡,拉怪,0.83
逻辑,文学,0.82
水星,石桥,0.28
评弹,通话,0.12
招聘,纪念品,0.57
兴奋,完璧归赵,0.51
羡慕,开心,0.9
写论文,讨论,0.87
屈原,白居易,0.94
期待,烦躁,0.86
压抑,复习,0.05
持之以恒,井然有序,0.8
挥手,鞠躬,0.75
美术,物理,0.78
曹操,杯水车薪,0.47
盘腿,前进,0.92
井底之蛙,井水不犯,0.91
厌烦,古镇,0.36
杨戬,秃子头上,0.12
红移,真空,0.93
漫步,行李,0.91
熊,联机,0.06
陨石,陨石,0.99
协同,排期,0.77
父亲节,立秋,0.89
老子,花木兰,0.76
八面玲珑,告白气球,0.14
土星,暗能量,0.87
排位,挥手,0.62
打卡,后羿,0.49
辛弃疾,孔子,0.94
全职高手,铃芽之旅,0.92
统计,八仙过海,0.23
拍景,露台,0.8
林间,拓印,0.09
预言家,狼骑士,0.77
未闻花名,龙珠,0.94
后来我们,青花瓷,0.86
做题,练习,0.86
感恩节,灵笼,0.11
文学,哲学,0.8
护肤,国画,0.25
骑士,预备役,0.83
勇气,地理,0.18
逻辑,出境,0.25
登机,逛馆,0.83
